{
  "Version": 1,
  "WorkspaceRootPath": "C:\\Users\\13467\\Downloads\\value-added-ui\\",
  "Documents": [],
  "DocumentGroupContainers": [
    {
      "Orientation": 0,
      "VerticalTabListWidth": 256,
      "DocumentGroups": [
        {
          "DockedWidth": 200,
          "SelectedChildIndex": -1,
          "Children": [
            {
              "$type": "Bookmark",
              "Name": "ST:0:0:{cce594b6-0c39-4442-ba28-10c64ac7e89f}"
            }
          ]
        }
      ]
    }
  ]
}